Loop,system,com.google.android.googlequicksearchbox:search,com.android.systemui,com.hp.printercontrol,com.google.android.gms.persistent,com.google.android.apps.tachyon,com.google.android.googlequicksearchbox:interactor,com.google.android.gms,app_process,com.android.vending,com.google.android.apps.nexuslauncher,com.hp.smt.sestest,com.google.android.googlequicksearchbox,com.google.android.apps.messaging,com.google.android.apps.messaging:rcs,com.hp.ses.dct.agent,com.android.contacts,com.google.android.inputmethod.latin,com.google.android.gms.unstable,com.android.phone,zygote,com.google.android.gms.ui,surfaceflinger,com.google.android.ims,com.android.networkstack.process,android.hardware.graphics.allocator@2.0-service,com.google.android.calendar,android.hardware.graphics.composer@2.1-service,com.google.process.gservices,android.process.acore,logd,audioserver,com.google.android.ext.services,com.android.vending:background,com.android.vending:instant_app_installer,com.google.android.setupwizard,media.metrics,android.process.media,com.android.smspush,rild,media.extractor,netd,gpuservice,statsd,android.hardware.drm@1.2-service.clearkey,android.hardware.configstore@1.1-service,com.google.process.gapps,vold,android.hardware.wifi@1.0-service,android.hardware.gnss@1.0-service,com.android.ims.rcsservice,incidentd,android.hardware.broadcastradio@1.1-service,com.android.emulator.multidisplay,keystore,apexd,android.system.suspend@1.0-service,hwservicemanager,media.swcodec,installd,android.hardware.sensors@1.0-service,adbd,com.android.se,zygote64,mediaserver,webview_zygote,idmap2d,storaged,com.android.providers.calendar,wpa_supplicant,media.codec,hostapd_nohidl,init,gatekeeperd,android.hardware.keymaster@3.0-service,android.hardware.gatekeeper@1.0-service,ueventd,android.hardware.power@1.1-service.ranchu,android.hardware.health@2.0-service.goldfish,wificond,android.hidl.allocator@1.0-service,android.hardware.biometrics.fingerprint@2.1-service,sh,android.hardware.thermal@2.0-service.mock,wifi_forwarder,vndservicemanager,lmkd,ashmemd,netmgr,dhcpclient,qemu-props,healthd,traced_probes,traced,createns,tombstoned,iptables-restore,servicemanager,mdnsd,logcat,ip6tables-restore,cameraserver,android.hardware.audio@2.0-service,drmserver,android.hardware.camera.provider@2.4-service,android.hardware.drm@1.0-service,android.hardware.drm@1.2-service.widevine,mediadrmserver,dumpsys,android.hardware.cas@1.1-service,Total,com.google.android.webview:webview_service
REPEAT_1,129072,126896,76787,71688,67678,46532,42434,42122,38968,37842,36910,36456,35693,34986,32121,30177,28863,28585,28173,24883,24780,23300,21876,17417,15996,15614,15089,14847,14124,13963,13675,13028,12704,12347,11432,10687,10488,10349,10042,9800,9544,9444,9286,9282,9202,9189,9137,9124,9118,9082,9066,9059,8960,8955,8925,8915,8896,8881,8710,8575,8489,8446,8396,8071,7932,7875,7605,7368,6774,5872,5402,5103,5091,5067,4978,4965,4945,4938,4915,4905,4867,4845,4836,4812,4776,4724,4693,4671,4666,4636,4630,4619,4612,4610,4598,4518,4442,4392,4332,4311,4310,3372,2337,1961,1857,1099,1059,985,903,887,1718001,
REPEAT_2,126399,124370,76076,71835,68091,46497,42157,42298,39030,38899,37009,36569,35860,35012,32145,31585,29269,28706,28333,25113,24780,23454,21936,17426,16065,15615,15233,14848,14162,13754,13675,13029,12769,,12383,10841,10489,10496,10085,9801,9545,9448,9288,9283,9202,9189,9267,9124,9119,9083,9108,9060,8960,9003,8928,8928,8896,8881,8711,8577,8490,8452,8440,8133,7932,7877,7606,7368,6899,5872,5402,5105,5058,5068,4979,4966,4937,4939,4916,4905,4867,4845,4837,4812,4776,4724,4694,4671,4667,4636,4631,4621,4613,4610,4598,4518,4443,4393,4440,4311,4310,3372,2334,1961,1855,1098,1058,985,2901,886,1708173,
REPEAT_3,129084,124759,76040,71847,68377,46422,42157,42218,39002,42664,36769,36570,35860,35012,32145,32627,30573,28723,28311,25268,24780,23401,21944,17426,16158,15615,15233,14847,14162,13606,13675,13029,12769,,12403,10841,10489,10496,10085,9801,9545,9449,9288,9287,9203,9189,9267,9124,9119,9083,9108,9060,8960,9003,8928,8928,8896,8873,8711,8577,8490,8452,8440,8133,7932,7877,7606,7369,6899,5873,5402,5105,5058,5068,4979,4966,4937,4939,4916,4905,4865,4845,4837,4812,4776,4724,4694,4671,4667,4636,4631,4621,4612,4611,4598,4518,4443,4393,4440,4311,4310,3372,2334,1961,1855,1098,1058,985,2897,886,1717261,
REPEAT_4,126260,126895,76060,71871,68853,46497,42161,42419,39059,42668,36949,36570,35861,35012,32145,33107,30161,28743,28331,24988,24780,23455,21984,17426,16246,15614,15233,14847,14126,13685,13683,13029,12769,,12427,10841,10489,10496,10086,9801,9545,9448,9287,9291,9202,9189,9268,9124,9119,9083,9109,9060,8960,9004,8928,8928,8896,8873,8711,8577,8490,8464,8440,8134,7932,7877,7606,7368,6899,5872,5402,5104,5058,5068,4979,4966,4937,4938,4916,4905,4865,4845,4836,4812,4776,4724,4694,4671,4667,4636,4631,4620,4612,4610,4598,4518,4443,4393,4440,4311,4310,3372,2334,1961,1855,1098,1058,985,2896,886,1717709,
REPEAT_5,126933,126910,76735,71903,68067,46497,42131,42418,39059,42618,36909,36582,35640,33224,27633,29245,29617,28755,28327,25064,24780,23161,21932,17426,16318,15615,14958,14847,14126,13448,13683,13029,12769,,12421,10841,10489,10496,10088,9801,9545,9449,9288,9198,9203,9189,9268,9124,9119,9083,9109,9059,8960,9004,8928,8928,8896,8873,8711,8577,8490,8464,8440,8262,7932,7877,7522,7369,6900,5873,5402,5105,5058,5067,4979,4965,4937,4939,4916,4905,4865,4845,4837,4812,4776,4724,4693,4671,4667,4636,4631,4621,4612,4611,4598,4518,4443,4393,4440,4311,4310,3372,2334,1961,1855,1098,1058,985,2900,886,1706539,
REPEAT_6,124619,128378,76750,71926,68418,46497,42103,42417,39059,42621,36663,36581,35641,33224,27633,30152,29570,28771,28326,25228,24780,23160,21956,17426,16365,15615,14958,14970,14126,13572,13691,13029,12769,,12441,10842,10489,10496,10088,9793,9545,9448,9288,9203,9202,9189,9268,9124,9119,9083,9109,9060,8960,9004,8928,8928,8896,8873,8711,8577,8490,8464,8441,8262,7932,7877,7522,7368,6901,5872,5402,5105,5058,5068,4979,4966,4937,4939,4916,4905,4865,4845,4837,4812,4776,4724,4694,4671,4667,4636,4631,4621,4613,4610,4598,4518,4443,4393,4440,4311,4310,3372,2334,1961,1855,1098,1058,985,2900,886,1707194,
REPEAT_7,127092,124665,76749,71963,68767,46497,42103,42416,39059,42624,36688,36582,35640,33224,27633,30154,29493,28796,28331,24916,24780,23159,21972,17426,16414,15615,14958,14969,14126,13504,13615,13029,12769,,12465,10842,10489,10496,10088,9793,9545,9449,9288,9163,9203,9189,9268,9124,9119,9083,9109,9060,8960,9004,8928,8928,8896,8873,8711,8577,8490,8465,8441,8262,7932,7877,7522,7369,6901,5873,5402,5105,5058,5068,4979,4966,4937,4939,4916,4905,4865,4845,4837,4812,4776,4724,4694,4671,4667,4636,4631,4621,4612,4611,4598,4518,4443,4393,4440,4311,4310,3372,2334,1961,1855,1098,1058,985,2900,886,1705917,
REPEAT_8,124836,124869,75997,71975,69100,46493,42105,42346,39045,40755,36791,36576,35640,33221,27631,28606,29565,28804,28313,25066,24780,23153,22040,17426,16482,15615,14959,14970,14129,13163,13631,13029,12767,,22463,10838,10489,10485,10090,9793,9545,9448,9288,9171,9202,9189,9270,9124,9119,9083,9111,9060,8960,9008,8928,8928,8896,8873,8711,8577,8490,8440,8443,8264,7932,7877,7522,7368,6902,5872,5402,5105,5058,5068,4979,4966,4937,4939,4916,4905,4865,4845,4837,4812,4776,4724,4694,4671,4667,4636,4631,4621,4613,4610,4598,4518,4443,4393,4440,4311,4310,3372,2334,1961,1855,1098,1058,985,4878,886,1712022,
REPEAT_9,127989,126036,75984,72004,69583,46488,42102,42335,39145,40736,36321,36573,35638,33220,27631,28734,27907,28820,28310,25219,24780,23151,21992,17426,16484,15614,14956,14969,14126,13475,13583,13033,12766,,22468,10938,10489,10484,10090,9793,9545,9448,9288,9175,9202,9189,9271,9124,9119,9083,9111,9060,8960,9005,8928,8928,8896,8873,8711,8577,8490,8452,8443,8265,7932,7877,7522,7368,6903,5872,5402,5105,5058,5068,4979,4966,4937,4939,4916,4905,4865,4845,4837,4812,4776,4724,4694,4671,4667,4636,4631,4621,4612,4610,4598,4518,4443,4393,4440,4311,4310,3372,2334,1961,1855,1098,1058,985,4879,886,1715394,
REPEAT_10,125438,126971,76051,72028,69942,46488,42111,42332,39141,40735,36317,36573,35636,33220,27630,29700,29589,28826,28310,23310,24780,23150,22064,17426,16484,15615,14956,14941,14126,13454,13583,13033,12766,,22367,10970,10489,10484,10090,9793,9545,9448,9288,9175,9203,9189,9271,9124,9119,9082,9111,9060,8960,9005,8928,8928,8896,8873,8711,8577,8490,8456,8443,8265,7932,7877,7522,7369,6903,5873,5402,5105,5058,5068,4979,4966,4937,4939,4916,4901,4865,4845,4837,4812,4776,4724,4694,4671,4667,4636,4631,4621,4612,4611,4598,4518,4443,4389,4440,4311,4310,3372,2334,1961,1855,1098,1058,985,4885,886,1714926,
REPEAT_11,127292,128368,76036,72052,65146,46528,42131,42317,39139,40738,36955,36560,35634,33220,27630,27209,29938,28846,28309,23465,24780,23144,22040,17426,16484,15616,14957,14946,14126,13517,13591,13029,12767,,22387,10970,10489,10483,10091,9793,9545,9448,9288,9179,9203,9189,9271,9124,9119,9083,9112,9060,8960,9006,8928,8928,8896,8873,8711,8577,8490,8461,8443,8265,7932,7877,7522,7369,6903,5873,5402,5105,5058,5068,4979,4966,4937,4939,4916,4905,4865,4845,4837,4812,4776,4724,4694,4671,4667,4636,4631,4621,4613,4611,4598,4518,4443,4389,4440,4311,4310,3372,2334,1961,1855,1098,1058,985,4882,886,1712170,
REPEAT_12,124993,124878,76085,72076,65422,46527,42131,42320,39184,40740,37038,36559,35633,33218,27629,27953,29710,28867,28308,23621,24780,23142,22084,17424,16539,15616,14956,14938,14126,13335,13599,13025,12767,,22415,10970,10489,10481,10091,9793,9545,9448,9288,9183,9203,9189,9271,9124,9119,9083,9112,9060,8960,9006,8928,8928,8896,8873,8711,8577,8490,8468,8443,8265,7932,7877,7522,7369,6903,5873,5402,5105,5058,5068,4979,4966,4937,4939,4916,4905,4865,4845,4837,4812,4776,4724,4694,4671,4667,4636,4631,4621,4613,4611,4598,4518,4443,4389,4440,4311,4310,3372,2334,1961,1855,1098,1058,985,4880,886,1707492,
REPEAT_13,127433,125652,76076,72096,66243,46527,42159,42319,39190,40748,36383,36559,35635,33218,27629,27901,28535,28879,28308,23777,24779,23143,22004,17424,16583,15614,14955,14937,14126,13298,13459,13025,12767,,22464,10969,10489,10480,10091,9793,9545,9447,9287,9183,9202,9189,9271,9124,9119,9082,9112,9060,8960,9006,8928,8928,8896,8873,8711,8577,8490,8468,8443,8265,7932,7877,7522,7368,6903,5872,5402,5104,5058,5068,4979,4966,4937,4938,4916,4905,4865,4845,4836,4812,4776,4724,4694,4671,4667,4636,4631,4620,4612,4610,4598,4518,4443,4389,4440,4311,4310,3372,2334,1961,1855,1098,1058,985,4879,886,1709684,
REPEAT_14,124825,127014,76132,72119,67217,46524,42113,42309,39190,40751,36803,36559,35633,33217,27627,27907,29665,29431,28305,23985,24779,23141,22032,17424,16603,15616,14953,14938,14126,13214,13403,13021,12767,,22455,10969,10489,10477,10091,9793,9545,9448,9288,9183,9203,9189,9271,9124,9119,9083,9112,9060,8960,9006,8928,8928,8896,8873,8711,8577,8490,8468,8444,8265,7932,7877,7522,7369,6903,5873,5402,5105,5058,5068,4979,4966,4937,4939,4916,4905,4865,4845,4837,4812,4776,4724,4694,4671,4667,4636,4631,4621,4613,4611,4598,4518,4443,4389,4440,4311,4310,3372,2334,1961,1855,1098,1058,985,4878,886,1711646,
REPEAT_15,124358,128866,76096,72143,67537,46465,42081,42153,39195,40750,37179,36572,35634,33217,27627,28417,30836,29443,28286,24142,24779,23090,22016,17424,16603,15615,14953,14938,14126,13254,13403,12973,12767,,22479,10970,10489,10477,10091,9793,9545,9448,9288,9183,9202,9189,9271,9124,9119,9083,9112,9060,8960,9006,8928,8928,8896,8873,8711,8577,8490,8476,8444,8265,7932,7877,7522,7368,6903,5872,5402,5105,5058,5068,4979,4966,4937,4939,4916,4905,4865,4845,4837,4812,4776,4724,4694,4671,4667,4636,4631,4621,4613,4610,4598,4518,4443,4389,4440,4311,4310,3372,2334,1961,1855,1098,1058,985,4882,886,1715274,
REPEAT_16,124330,124389,76096,72167,67925,46524,42081,42308,39202,40754,36915,36572,35633,33217,27627,27654,29548,29467,28313,24298,24779,23140,22032,17424,16603,15615,14953,14937,14126,13326,13351,12949,12767,,22499,10970,10489,10477,10091,9793,9545,9448,9288,9186,9203,9189,9271,9124,9119,9082,9112,9059,8960,9006,8928,8928,8896,8873,8711,8577,8490,8476,8444,8267,7932,7877,7522,7369,6903,5873,5402,5105,5058,5067,4979,4965,4937,4939,4916,4905,4865,4845,4837,4812,4776,4724,4693,4671,4667,4636,4631,4621,4612,4611,4598,4518,4443,4389,4440,4311,4310,3372,2334,1961,1855,1098,1058,985,6895,886,1711394,
REPEAT_17,127859,143938,76810,73386,71762,60900,46834,48154,39844,,37117,37368,,,,28001,30564,30200,30176,25062,27273,0,22033,21170,17106,15616,,14937,14402,14471,13365,12952,13219,,27662,12089,10491,11554,10356,9793,9550,9450,9291,9189,9204,9190,10209,9126,9119,9083,9377,9062,8962,9278,8935,8929,8898,8874,8713,8579,8491,8477,8706,8622,8137,9912,7525,7372,,5874,5521,5106,5060,5069,4980,4967,4941,4940,4916,4906,4869,4846,4838,4814,4777,4727,4696,4673,4668,4637,4632,4621,4614,4612,4598,4520,4443,4389,4440,4311,4311,3402,2346,2001,1857,1100,1059,989,,888,1603354,
REPEAT_18,125421,146347,76810,73405,72123,60899,46834,48155,39910,,37077,38807,,,,28263,30626,30211,30173,25273,27273,,22017,21169,17106,15616,,14936,14402,14609,13345,12952,13219,,27686,12089,10486,11553,10356,9793,9550,9450,9291,9189,9204,9190,10209,9126,9119,9083,9377,9062,8962,9278,8935,8929,8898,8874,8713,8579,8491,8449,8706,8622,8137,9912,7525,7483,,5874,5521,5106,5060,5069,4980,4967,4941,4940,4916,4906,4869,4846,4838,4814,4777,4727,4696,4673,4668,4637,4632,4621,4614,4612,4598,4520,4443,4389,4440,4311,4311,3402,2346,2001,1857,1100,1059,989,,888,1605914,
REPEAT_19,125041,146148,76837,73429,72483,60813,46834,47962,39908,,37716,38808,,,,27953,31957,30242,30145,23989,27273,,22009,21169,17110,15615,,14936,14402,14861,13365,12952,13219,,27710,12089,10486,11551,10356,9793,9550,9450,9291,9189,9204,9190,10209,9126,9119,9083,9377,9062,8962,9278,8935,8929,8898,8874,8713,8579,8491,8457,8706,8622,8137,9912,7525,7535,,5874,5521,5106,5060,5069,4980,4967,4941,4940,5072,4906,4869,4846,4838,4814,4777,4727,4696,4673,4668,4637,4632,4621,4614,4612,4598,4520,4443,4389,4440,4311,4311,3402,2346,2001,1857,1100,1059,989,8936,888,1615286,
REPEAT_20,126632,147219,76768,73453,72944,60899,46834,48153,39907,,37754,38807,,,,28022,30558,30363,30174,24153,27273,,22009,21169,17110,15615,,14937,14402,14908,13389,12952,13219,,27729,12089,10486,11551,10355,9793,9550,9450,9291,9189,9204,9190,10209,9126,9119,9083,9377,9062,8962,9278,8935,8929,8898,8874,8713,8579,8491,8457,8706,8622,8137,9912,7525,7535,,5874,5521,5106,5059,5069,4980,4967,4941,4940,5072,4906,4869,4846,4838,4814,4777,4727,4696,4673,4668,4637,4632,4621,4614,4612,4598,4520,4443,4389,4440,4311,4311,3402,2346,2001,1857,1100,1059,989,8942,888,1617756,
REPEAT_21,125825,145477,76805,73484,70132,60897,46832,50984,39904,,37826,38795,,,,28972,30757,30379,30172,24336,27273,,21993,21168,17110,15615,,14936,14438,14858,13393,12952,13219,,27754,12086,10486,11546,10355,9793,9550,9450,9291,9193,9204,9190,10209,9126,9119,9083,9377,9062,8962,9278,8935,8929,8898,8874,8713,8579,8491,8457,8707,8622,8137,9912,7525,7535,,5874,5521,5106,5060,5069,4980,4967,4941,4940,5072,4906,4869,4846,4838,4814,4777,4727,4696,4673,4668,4637,4632,4621,4614,4612,4598,4520,4443,4389,4440,4311,4311,3402,2346,2001,1857,1100,1059,989,4886,888,1612632,
REPEAT_22,125641,143588,76802,73508,71078,60811,46856,50848,39905,,37865,38796,,,,29210,31985,30439,30146,24484,27273,,21969,21168,17158,15615,,14937,14438,14838,13405,12952,13219,,27927,12086,10486,11546,10355,9793,9550,9450,9291,9193,9204,9190,10209,9126,9119,9083,9377,9062,8962,9278,8935,8929,8898,8874,8713,8579,8491,8457,8707,8622,8137,9912,7525,7535,,5874,5521,5106,5059,5069,4980,4967,4941,4940,5072,4906,4869,4846,4838,4814,4777,4727,4696,4673,4668,4637,4632,4621,4614,4612,4598,4520,4443,4389,4440,4311,4311,3402,2346,2001,1857,1100,1059,989,4886,888,1613206,
REPEAT_23,126259,144793,76784,73520,72336,60897,46836,50991,39903,,37712,38796,,,,30093,30653,30458,30173,24748,27273,,21981,21168,17162,15615,,14937,14438,14662,13417,12952,13219,,27951,12223,10486,11547,10356,9793,9550,9450,9291,9197,9204,9190,10209,9126,9119,9083,9377,9062,8962,9280,8935,8929,8898,8874,8713,8579,8491,8457,8707,8623,8137,9912,7525,7535,,5874,5521,5106,5060,5069,4980,4967,4941,4940,5072,4902,4869,4846,4838,4814,4777,4727,4696,4673,4668,4637,4632,4621,4614,4612,4598,4520,4443,4389,4440,4311,4311,3402,2346,2001,1857,1100,1059,989,4887,888,1616216,
REPEAT_24,125567,142709,76789,73544,73100,60897,46836,50972,39909,,37828,38796,,,,28972,31888,30567,30173,24936,27273,,22005,21168,17210,15615,,14937,14438,14294,13449,12952,13219,,27971,12203,10486,11547,10356,9793,9550,9450,9291,9197,9204,9190,10209,9126,9119,9083,9378,9062,8962,9280,8935,8929,8898,8874,8713,8579,8491,8457,8707,8623,8137,9912,7525,7535,,5874,5521,5106,5059,5069,4980,4967,4941,4940,5072,4906,4869,4846,4839,4814,4777,4727,4696,4673,4668,4637,4632,4621,4614,4612,4598,4520,4443,4389,4440,4311,4311,3402,2346,2001,1857,1100,1059,989,4884,888,1614485,
REPEAT_25,125555,143847,76780,73576,73464,60897,46836,50970,39911,,37682,38807,,,,28346,30543,30586,30176,25092,27273,,22001,21168,17209,15615,,14937,14438,14521,13453,12952,13219,,27822,12203,10486,11547,10357,9793,9550,9450,9291,9197,9204,9190,10209,9126,9119,9083,9378,9062,8962,9280,8935,8929,8898,8874,8713,8579,8491,8457,8707,8624,8137,9912,7525,7535,,5874,5521,5106,5060,5069,4980,4967,4941,4940,5072,4906,4869,4846,4838,4814,4777,4727,4696,4673,4668,4637,4632,4621,4614,4612,4598,4520,4443,4389,4440,4311,4311,3402,2346,2001,1857,1100,1059,989,4890,888,1614155,
REPEAT_26,125615,145404,76809,73600,73856,60897,46836,50980,39918,,37894,38805,,,,28598,30487,30599,30174,25248,27273,,22001,21167,17233,15615,,14936,14438,14517,13489,12952,13219,,27845,12202,10486,11547,10357,9793,9550,9450,9291,9197,9204,9190,10209,9126,9119,9083,9378,9062,8962,9280,8935,8929,8898,8874,8713,8579,8491,8457,8707,8624,8137,9912,7525,7535,,5874,5521,5106,5060,5069,4980,4967,4941,4940,5072,4906,4869,4846,4838,4814,4777,4727,4696,4673,4668,4637,4632,4621,4614,4612,4598,4520,4443,4389,4440,4311,4311,3402,2346,2001,1857,1100,1059,989,4884,888,1616877,
REPEAT_27,125903,146919,76888,73624,74236,60897,46836,50980,39917,,37932,38806,,,,28178,30071,30610,30175,25395,27273,,22025,21167,16093,15615,,14936,14438,14293,13513,12952,13219,,27870,12202,10486,11547,10357,9793,9550,9450,9291,9197,9204,9190,10209,9126,9119,9083,9378,9062,8962,9280,8935,8929,8898,8874,8713,8579,8491,8457,8707,8624,8137,9912,7525,7535,,5874,5521,5106,5060,5069,4980,4967,4941,4940,5072,4906,4869,4846,4838,4814,4777,4727,4696,4673,4668,4637,4632,4621,4614,4612,4598,4520,4443,4389,4440,4311,4311,3402,2346,2001,1857,1100,1059,989,4883,888,1617232,
REPEAT_28,125655,147493,76856,73660,74436,60897,46836,50978,39915,,37708,38806,,,,31362,30539,30630,30175,23999,27273,,22077,21167,16137,15615,,14937,14438,14245,13541,12952,13219,,27890,12202,10486,11547,10357,9793,9550,9450,9291,9197,9204,9190,10209,9126,9119,9083,9378,9062,8962,9280,8935,8929,8898,8874,8713,8579,8491,8445,8707,8624,8137,9912,7525,7535,,5874,5521,5106,5060,5069,4980,4967,4941,4940,5072,4906,4869,4846,4838,4814,4777,4727,4696,4673,4668,4637,4632,4621,4614,4612,4598,4520,4443,4389,4440,4311,4311,3402,2346,2001,1857,1100,1059,989,2909,888,1617921,
REPEAT_29,125659,148382,76854,73691,69372,60897,46836,50978,39916,,37886,38805,,,,30305,30373,30649,30179,24175,27273,,22025,21167,16137,15615,,14937,14437,14565,13549,12952,13218,,27914,12184,10486,11547,10357,9793,9550,9450,9291,9197,9204,9190,10209,9126,9119,9083,9378,9062,8962,9280,8935,8929,8898,8873,8713,8579,8491,8453,8707,8624,8137,9912,7525,7535,,5874,5521,5106,5060,5069,4980,4967,4941,4940,5072,4906,4869,4846,4838,4814,4777,4727,4695,4673,4668,4637,4632,4621,4614,4612,4598,4520,4443,4389,4440,4311,4311,3402,2346,2001,1857,1100,1059,989,2911,888,1613221,
REPEAT_30,125635,143643,76850,73715,69780,60897,46836,50976,39914,,37902,38804,,,,30501,30593,30665,30178,24327,27273,,22045,21167,16157,15615,,14937,14437,14713,13557,12952,13218,,27937,12184,10486,11547,10357,9793,9550,9450,9291,9197,9204,9190,10209,9126,9119,9083,9378,9062,8962,9280,8935,8929,8898,8873,8713,8579,8491,8453,8707,8624,8137,9912,7525,7535,,5874,5521,5106,5060,5069,4980,4967,4941,4940,5072,4906,4869,4846,4838,4814,4777,4727,4695,4673,4668,4637,4632,4621,4614,4612,4598,4520,4443,4389,4440,4311,4311,3402,2346,2001,1857,1100,1059,989,2910,888,1609698,
REPEAT_31,125467,145038,76858,73735,70168,60897,46860,50983,39921,,37838,38793,,,,29298,30537,30681,30179,24511,27273,,22065,21167,16157,15615,,14937,14437,14832,13573,12952,13218,,27958,12185,10486,11547,10357,9793,9550,9450,9291,9201,9204,9190,10210,9126,9119,9083,9378,9062,8962,9280,8935,8929,8898,8873,8713,8579,8491,8453,8707,8624,8137,9912,7525,7535,,5874,5521,5106,5060,5069,4980,4967,4941,4940,5072,4906,4869,4846,4838,4814,4777,4727,4695,4673,4668,4637,4632,4621,4614,4612,4598,4520,4443,4389,4440,4311,4311,3402,2346,2001,1857,1100,1059,989,2908,888,1610426,
REPEAT_32,125637,145547,77530,73758,73302,59856,46838,50980,39914,,37696,38791,,,,30027,30278,30701,30176,24693,27261,,22049,25931,16161,15615,,14936,14437,14874,13585,12952,13218,,27976,12184,10486,11546,10357,9793,9550,9450,9291,9201,9204,9190,10210,9126,9119,9083,9378,9062,8962,9280,8935,8929,8898,8873,8713,8579,8491,8453,8707,8624,8137,9912,7525,7535,,5874,5521,5106,5060,5069,4980,4967,4941,4940,5072,4906,4869,4846,4838,4814,4777,4727,4695,4673,4668,4637,4632,4621,4614,4612,4598,4520,4443,4389,4440,4311,4311,3402,2346,2001,1857,1100,1059,989,2902,888,1619189,
REPEAT_33,125349,146996,77539,73778,73558,59856,46838,50973,39912,,37633,38791,,,,29987,30510,30718,30176,24853,27261,,22033,25931,16165,15615,,14937,14437,14438,13581,12952,13218,,27824,12184,10486,11546,10357,9793,9550,9450,9291,9201,9204,9190,10210,9126,9119,9083,9378,9062,8962,9280,8935,8929,8898,8873,8713,8579,8491,8453,8707,8624,8137,9912,7525,7535,,5874,5521,5106,5059,5069,4980,4967,4941,4940,5072,4906,4869,4846,4839,4814,4777,4727,4695,4673,4668,4637,4632,4621,4614,4612,4598,4520,4443,4389,4440,4311,4311,3402,2346,2001,1857,1100,1059,989,2912,888,1620339,
REPEAT_34,125377,147532,77513,73802,69034,59856,46838,50973,39916,,37823,38791,,,,30987,30549,30733,30184,25037,27261,,22025,25931,16165,15615,,14937,14437,14882,13589,12952,13218,,27848,12184,10486,11546,10357,9793,9550,9450,9291,9201,9204,9190,10210,9126,9119,9083,9378,9062,8962,9280,8935,8929,8898,8873,8713,8579,8491,8453,8707,8624,8137,9912,7525,7535,,5874,5521,5106,5060,5069,4980,4967,4941,4940,5072,4906,4869,4846,4838,4814,4777,4727,4695,4673,4668,4637,4632,4621,4614,4612,4598,4520,4443,4389,4440,4311,4311,3402,2346,2001,1857,1100,1059,989,2905,888,1618278,
REPEAT_35,125493,148954,77535,73826,69424,59854,46838,50979,39917,,37247,38803,,,,30427,30606,30753,30184,25189,27261,,22065,25931,16165,15615,,14940,14437,15037,13601,12952,13218,,27876,12184,10486,11546,10357,9793,9550,9450,9291,9201,9204,9190,10210,9126,9119,9083,9378,9062,8962,9280,8935,8929,8898,8873,8713,8579,8491,8453,8707,8624,8137,9912,7525,7535,,5874,5521,5106,5060,5069,4980,4967,4941,4940,5072,4906,4869,4846,4838,4814,4777,4727,4695,4673,4668,4637,4632,4621,4614,4612,4598,4520,4443,4389,4440,4311,4311,3402,2346,2001,1857,1100,1059,989,2901,888,1619596,
REPEAT_36,125397,144054,76916,73850,69832,59854,46838,50975,39914,,37768,38802,,,,32135,30614,30766,30183,25353,27261,,22037,25931,16165,15615,,14941,14437,14601,13613,12952,13218,,27895,12184,10486,11546,10357,9793,9550,9450,9291,9201,9204,9190,10210,9126,9119,9083,9378,9062,8962,9280,8935,8929,8898,8873,8713,8579,8491,8453,8707,8624,8137,9912,7525,7535,,5874,5521,5106,5060,5069,4980,4967,4941,4940,5072,4906,4869,4846,4838,4814,4777,4727,4695,4673,4668,4637,4632,4621,4614,4612,4598,4520,4443,4389,4440,4311,4311,3402,2346,2001,1857,1100,1059,989,2909,888,1616394,
REPEAT_37,125209,145468,76880,73894,70372,59854,46838,50977,39924,,37868,38802,,,,30855,30594,30786,30183,23741,27261,,22025,25987,16165,15615,,14940,14437,14493,13621,12952,13218,,27919,12286,10486,11546,10357,9793,9550,9450,9291,9201,9204,9190,10210,9126,9119,9083,9378,9062,8962,9280,8935,8929,8898,8873,8713,8579,8491,8453,8708,8625,8137,9912,7525,7535,,5874,5521,5106,5059,5069,4980,4967,4941,4940,5072,4906,4869,4846,4838,4814,4777,4727,4695,4673,4668,4637,4632,4621,4614,4612,4598,4520,4443,4389,4440,4311,4311,3402,2346,2001,1857,1100,1059,989,2907,888,1615456,
REPEAT_38,125241,146439,76879,72478,70744,59854,46838,50954,39922,,38039,38802,,,,30099,30642,30801,30217,23893,27261,,22017,25987,16173,15615,,14941,14437,14701,13625,12952,13218,,27939,12286,10486,11546,10357,9793,9550,9450,9291,9201,9204,9190,10210,9126,9119,9083,9378,9062,8962,9280,8935,8929,8898,8873,8713,8579,8491,8437,8708,8625,8137,9912,7525,7535,,5874,5521,5106,5060,5069,4980,4967,4941,4940,5072,4906,4869,4846,4838,4814,4777,4727,4695,4673,4668,4637,4632,4621,4614,4612,4598,4520,4443,4389,4440,4311,4311,3402,2346,2001,1857,1100,1059,989,2908,888,1615272,
REPEAT_39,125541,147068,76876,72688,71123,59854,46838,50955,39924,,37770,38680,,,,29955,30640,30814,30217,24045,27261,,22037,25987,16205,15615,,14941,14437,14636,13637,12952,13218,,27963,12286,10486,11546,10357,9793,9550,9450,9291,9201,9204,9190,10210,9126,9119,9083,9378,9062,8962,9280,8935,8929,8898,8873,8713,8579,8491,8445,8708,8625,8137,9912,7525,7535,,5874,5521,5106,5059,5069,4980,4967,4941,4940,5072,4906,4869,4846,4839,4814,4777,4727,4695,4673,4668,4637,4632,4621,4614,4612,4598,4520,4443,4389,4440,4311,4311,3402,2346,2001,1857,1100,1059,989,2913,888,1616454,
REPEAT_40,125701,148606,76896,72710,71831,60185,46866,50959,39924,,37272,38681,,,,30902,30691,30830,30218,24233,27263,,22017,25987,16205,15615,,14941,14437,14903,13649,12952,13218,,27982,12284,10486,11546,10357,9793,9550,9450,9291,9201,9204,9190,10210,9126,9119,9083,9378,9062,8962,9280,8935,8929,8898,8873,8713,8579,8491,8445,8708,8625,8137,9912,7525,7535,,5874,5521,5106,5059,5069,4980,4967,4941,4940,5072,4906,4869,4846,4838,4814,4777,4727,4695,4673,4668,4637,4632,4621,4614,4612,4598,4520,4443,4389,4440,4311,4311,3402,2346,2001,1857,1100,1059,989,2905,888,1620240,
REPEAT_41,127597,148924,76861,72734,73549,60185,46846,50894,39921,,37800,38668,,,,30380,30671,30850,30217,24409,27263,,22013,25987,16205,15615,,14941,14437,14783,13657,12952,13218,,27833,12284,10486,11541,10357,9793,9550,9450,9291,9205,9204,9190,10211,9126,9119,9083,9378,9062,8962,9280,8935,8929,8898,8873,8713,8579,8491,8445,8708,8625,8137,9912,7525,7535,,5874,5521,5106,5059,5069,4980,4967,4941,4940,5072,4906,4869,4846,4838,4814,4777,4727,4695,4673,4668,4637,4632,4621,4614,4612,4598,4520,4443,4389,4440,4311,4311,3402,2346,2001,1857,1100,1059,989,4890,888,1625961,
REPEAT_42,126021,144440,76785,72700,70254,48000,46826,50892,39803,,37191,38596,,70866,,31234,30810,30842,30142,24883,25609,,22041,23044,16229,15615,,14940,14495,14919,13689,12952,13180,,27777,12199,10486,11439,10350,9793,9550,9450,9291,9205,9204,9190,10152,9126,9119,9083,9372,9062,8962,9275,8935,8929,8898,8873,8713,8579,8491,8445,8703,8620,7960,8557,7525,7535,,5874,5427,5106,5060,5069,4980,4967,4941,4940,5072,4906,4869,4846,4838,4814,4777,4727,4695,4673,4668,4637,4632,4621,4614,4612,4598,4520,4443,4389,4440,4311,4311,3377,2339,1972,1857,1099,1059,988,916,887,1665389,
REPEAT_43,126182,146022,77019,72901,76217,47885,46917,49034,40175,,37816,38768,,70888,,30241,32321,31009,30355,25169,25621,,22013,23381,16340,15615,,14941,14515,15161,13693,12955,13273,,28051,12465,10486,,10413,9793,9551,9450,9291,9205,9204,9190,10388,9127,9119,9084,9433,9062,8962,9335,8936,8930,8898,8874,8713,8580,8491,8449,8765,8708,7960,8562,7525,7536,,5874,5427,5106,5060,5069,4980,4967,4942,4940,5072,4906,4869,4846,4839,4814,4777,4727,4695,4673,4668,4637,4632,4621,4614,4612,4598,4520,4443,4389,4440,4311,4311,3377,2339,1972,1857,1099,1059,988,6910,887,1670502,
REPEAT_44,126117,147016,77018,72925,76682,47967,46917,49239,40176,,37678,38769,,72198,,30333,30543,31021,30383,25537,25621,,22053,23376,16340,15615,,14941,14515,15440,13693,12955,13273,,28075,12465,10486,,10413,9793,9551,9450,9291,9205,9204,9190,10388,9127,9119,9084,9433,9062,8962,9335,8936,8930,8898,8874,8714,8581,8491,8449,8765,8708,7960,8563,7526,7536,,5874,5427,5106,5060,5069,4980,4967,4942,4940,5072,4906,4869,4846,4839,4814,4777,4727,4695,4673,4668,4637,4632,4621,4614,4612,4598,4520,4443,4389,4440,4311,4311,3377,2339,1972,1857,1099,1059,988,6910,887,1672444,
REPEAT_45,126785,147323,76752,72577,78677,47811,46727,49020,39974,,37826,38705,,73966,,30261,30431,30742,29973,24180,25609,,22037,23327,16245,15615,24664,14941,14336,14875,13713,12953,13078,,27644,11970,10482,,10279,9793,9547,9450,9286,9205,9204,9186,9976,9126,9119,9083,9301,9062,8962,9204,8935,8929,8898,8870,8709,8580,8491,8449,8635,8531,7940,8558,7524,7534,7794,5874,5423,5106,5059,5069,4980,4967,4942,4940,5072,4906,4865,4846,4838,4814,4777,4725,4694,4672,4668,4637,4632,4621,4614,4612,4598,4519,4431,4389,4440,4311,4271,3377,2339,1968,1857,1099,1059,988,,887,1695937,
REPEAT_46,129126,148455,77085,73512,74811,47968,46884,51072,40213,,37697,39062,,74100,,30486,30950,31074,,24499,25621,,22042,23368,16436,15617,25062,14942,14466,15318,13725,12956,13260,,28147,12416,10483,,10400,9793,9549,9450,9287,9205,9204,9186,,9129,9119,9085,9424,9062,8962,9324,8939,8931,8898,8870,8709,8581,8491,8451,8752,8702,7940,8563,7525,7536,8187,5874,5423,5106,5060,5069,4980,4967,4942,4940,5074,4906,4866,4846,4839,4814,4777,4727,4695,4673,4668,4637,4632,4621,4614,4612,4598,4520,4431,4389,4440,4311,4271,3377,2339,1968,1857,1099,1059,988,8947,887,1673668,
REPEAT_47,126760,144579,77002,73548,75173,47968,46884,51071,40211,,37903,39063,,74098,,29930,31199,31265,,24686,25621,,22094,23366,16441,15617,25062,14942,14466,14761,13733,12956,13260,,28168,12416,10483,,10400,9793,9549,9450,9287,9205,9204,9186,,9129,9119,9085,9424,9062,8962,9324,8939,8931,8898,8870,8709,8581,8491,8423,8752,8702,7940,8563,7525,7536,8187,5874,5423,5106,5060,5069,4980,4967,4942,4940,5074,4906,4866,4846,4839,4814,4777,4727,4695,4673,4668,4637,4632,4621,4614,4612,4598,4520,4431,4389,4440,4311,4271,3377,2339,1968,1857,1099,1059,988,8945,887,1667511,
REPEAT_48,129784,145463,76981,73572,76591,47968,46884,52090,40219,,37319,39063,,74098,,30166,31575,31281,,24842,25621,,22054,23366,16441,15617,25062,14942,14482,14845,13741,12956,13260,,28040,12416,10483,,10400,9793,9549,9450,9287,9205,9204,9186,,9129,9119,9085,9424,9062,8962,9324,8939,8931,8898,8870,8709,8581,8491,8435,8752,8703,7940,8563,7525,7536,8187,5874,5423,5106,5060,5069,4980,4967,4942,4940,5074,4906,4866,4846,4839,4814,4777,4727,4695,4673,4668,4637,4632,4621,4614,4612,4598,4520,4431,4389,4440,4311,4271,3377,2339,1968,1857,1099,1059,988,8936,887,1674011,
REPEAT_49,127226,146523,77001,73595,76938,47968,46908,52098,40213,,37919,39062,,74098,,30628,31427,31297,,24997,25621,,22098,23366,16444,15617,25062,14942,14482,14889,13741,12956,13260,,28063,12415,10483,,10400,9793,9549,9450,9287,9205,9204,9186,,9129,9119,9085,9424,9062,8962,9324,8939,8931,8898,8870,8710,8582,8491,8435,8752,8703,7940,8563,7526,7536,8187,5874,5423,5106,5060,5069,4980,4967,4942,4940,5074,4906,4866,4846,4839,4814,4777,4727,4695,4673,4668,4637,4632,4621,4614,4612,4598,4520,4431,4389,4440,4311,4271,3377,2339,1968,1857,1099,1059,988,8945,887,1674138,
REPEAT_50,130001,147393,77013,73622,72151,47871,46885,51889,40209,,37994,39046,,74098,,31424,32569,31308,,25201,25621,,22034,23366,16461,15617,25058,14942,14478,14745,13753,12956,13257,,28083,12314,10483,,10400,9793,9549,9450,9287,9205,9204,9186,,9129,9119,9085,9424,9062,8962,9321,8939,8931,8898,8870,8710,8582,8491,8435,8753,8703,7940,8563,7526,7536,8187,5874,5423,5106,5060,5069,4980,4967,4942,4940,5074,4906,4866,4846,4839,4814,4777,4727,4695,4673,4668,4637,4632,4621,4614,4612,4598,4520,4431,4389,4440,4311,4271,3377,2339,1968,1857,1099,1059,988,8948,887,1674644,
REPEAT_51,127318,148820,77025,73646,72704,47968,46885,52092,40216,,37898,39046,,74098,,30864,31463,31324,,25381,25621,,22102,23366,16461,15617,25058,14942,14478,15093,13761,12956,13257,,28103,12346,10483,,10400,9793,9549,9450,9287,9205,9204,9186,,9129,9119,9085,9424,9062,8962,9321,8939,8931,8898,8870,8709,8581,8491,8435,8753,8703,7940,8563,7525,7536,8187,5874,5423,5106,5060,5069,4980,4967,4942,4940,5074,4906,4866,4846,4839,4814,4777,4727,4695,4673,4668,4637,4632,4621,4614,4612,4598,4520,4431,4389,4440,4311,4271,3377,2339,1968,1857,1099,1059,988,8951,887,1673194,
REPEAT_52,126623,145545,77021,73670,73011,47865,46885,51869,40214,,37742,39046,,74097,,31837,32468,31340,,25537,25621,,22050,23366,16481,15617,25058,14942,14478,15153,13757,12956,13257,,28127,12346,10483,,10400,9793,9549,9450,9287,9205,9204,9186,,9129,9119,9085,9424,9062,8962,9321,8939,8931,8898,8870,8709,8581,8491,8427,8753,8703,7940,8563,7525,7536,8187,5874,5423,5106,5060,5069,4980,4967,4942,4940,5074,4906,4866,4846,4839,4814,4777,4727,4695,4673,4668,4637,4632,4621,4614,4612,4598,4520,4431,4389,4440,4311,4271,3377,2339,1968,1857,1099,1059,988,8946,887,1671251,
REPEAT_53,126542,145624,77021,73682,73408,47967,46885,52099,40217,,38006,39046,,74097,,32245,31208,31424,,25721,25621,,22066,23366,16501,15617,25057,14942,14478,14708,13753,12956,13257,,28155,12346,10483,,10400,9793,9549,9450,9287,9205,9204,9186,,9129,9119,9085,9424,9062,8962,9321,8939,8931,8898,8870,8709,8581,8491,8435,8753,8703,7940,8563,7525,7536,8186,5874,5423,5106,5060,5069,4980,4967,4942,4940,5074,4906,4866,4846,4839,4814,4777,4727,4695,4673,4668,4637,4632,4621,4614,4612,4598,4520,4431,4389,4440,4311,4271,3377,2339,1968,1857,1099,1059,988,8949,887,1671297,
REPEAT_54,128435,146703,76997,73711,73823,47865,46885,51875,40216,,37822,39059,,74097,,30977,31056,31436,,24353,25621,,22102,23366,16506,15617,25058,14942,14478,14821,13753,12956,13257,,28176,12346,10483,,10400,9793,9549,9450,9287,9205,9204,9186,,9129,9119,9085,9424,9062,8962,9321,8939,8931,8898,8870,8709,8581,8491,8435,8753,8703,7940,8563,7525,7536,8187,5874,5423,5106,5060,5069,4980,4967,4942,4940,5074,4906,4866,4846,4839,4814,4777,4727,4695,4673,4668,4637,4632,4621,4614,4612,4598,4520,4431,4389,4440,4311,4271,3377,2339,1968,1857,1099,1059,988,8938,887,1671581,
REPEAT_55,126339,147784,77017,73734,73944,47967,46885,52099,40217,,38098,39058,,74097,,31089,31392,31452,,24509,25621,,22082,23366,16505,15617,25058,14942,14478,14949,13757,12956,13257,,28039,12346,10483,,10400,9793,9549,9450,9287,9205,9204,9186,,9129,9119,9085,9424,9062,8962,9321,8939,8931,8898,8870,8709,8581,8491,8447,8753,8703,7940,8563,7525,7536,8187,5874,5423,5106,5060,5069,4980,4967,4942,4940,5074,4906,4866,4846,4839,4814,4777,4727,4695,4673,4668,4637,4632,4621,4614,4612,4598,4520,4431,4389,4440,4311,4271,3377,2339,1968,1857,1099,1059,988,8937,887,1671937,
REPEAT_56,126623,149209,77038,73759,74263,47865,46881,51877,40226,,38054,39059,,74097,,29398,32716,31472,,24693,25621,,22066,23366,16506,15617,25058,14942,14478,14809,13757,12956,13257,,28064,12346,10483,,10401,9793,9549,9450,9287,9205,9204,9186,,9129,9119,9085,9424,9062,8962,9322,8939,8931,8898,8870,8709,8581,8491,8447,8753,8703,7940,8563,7525,7536,8187,5874,5423,5106,5060,5069,4980,4967,4942,4940,5074,4906,4866,4846,4839,4814,4777,4727,4695,4673,4668,4637,4632,4621,4614,4612,4598,4520,4431,4389,4440,4311,4271,3377,2339,1968,1857,1099,1059,988,8942,887,1673363,
REPEAT_57,126501,145884,77018,73794,74704,47967,46881,52103,40225,,37478,39058,,74097,,30582,32080,31492,,24853,25621,,22082,23366,16509,15617,25058,14942,14478,15197,13745,12956,13257,,28087,12339,10483,,10401,9793,9549,9450,9287,9205,9204,9186,,9129,9119,9085,9424,9062,8962,9322,8939,8931,8898,8870,8709,8581,8491,8415,8753,8703,7940,8563,7525,7536,8187,5874,5423,5106,5060,5069,4980,4967,4942,4940,5074,4906,4866,4846,4839,4814,4777,4727,4695,4673,4668,4637,4632,4621,4614,4612,4598,4520,4431,4389,4440,4311,4271,3377,2339,1968,1857,1099,1059,988,2909,887,1665196,
REPEAT_58,125893,146393,77738,73826,75060,47967,46905,52104,40222,,38110,39058,,74097,,29654,31920,31508,,25009,25621,,22102,23366,16513,15617,25058,14942,14478,15233,13749,12956,13257,,28111,12339,10483,,10401,9793,9549,9450,9287,9193,9204,9186,,9129,9119,9085,9424,9062,8962,9322,8939,8931,8898,8870,8709,8581,8491,8435,8753,8703,7940,8563,7525,7536,8187,5874,5423,5106,5060,5069,4980,4967,4942,4940,5074,4906,4866,4846,4839,4814,4777,4727,4695,4673,4668,4637,4632,4621,4614,4612,4598,4520,4431,4389,4440,4311,4271,3377,2339,1968,1857,1099,1059,988,2921,887,1666051,
REPEAT_59,126442,148600,77028,73849,75400,47967,46885,52103,40221,,38078,39057,,74096,,30401,31500,31519,,25221,25621,,22090,23366,16517,15617,25057,14942,14478,14733,13749,12956,13257,,28134,12338,10483,,10401,9793,9549,9450,9287,9193,9204,9186,,9129,9119,9085,9424,9062,8962,9322,8939,8931,8898,8870,8710,8582,8491,8443,8753,8703,7940,8563,7526,7536,8187,5874,5423,5106,5060,5069,4980,4967,4942,4940,5074,4906,4866,4846,4839,4814,4777,4727,4695,4673,4668,4637,4632,4621,4614,4612,4598,4520,4431,4389,4440,4307,4271,3377,2339,1968,1857,1099,1059,988,2916,887,1668469,
REPEAT_60,125938,148868,77003,73874,75768,47967,46885,52104,40222,,38113,39046,,74096,,29561,31964,31539,,25373,25621,,22082,23366,16518,15617,25057,14942,14478,14505,13749,12956,13257,,28155,12338,10483,,10401,9793,9549,9450,9287,9193,9204,9186,,9129,9119,9085,9424,9062,8962,9322,8939,8931,8898,8870,8709,8581,8491,8455,8753,8703,7940,8563,7525,7536,8187,5874,5423,5106,5060,5069,4980,4967,4942,4940,5074,4906,4866,4846,4839,4814,4777,4727,4695,4673,4668,4637,4632,4621,4614,4612,4598,4520,4431,4389,4440,4307,4271,3377,2339,1968,1857,1099,1059,988,2910,887,1668212,
REPEAT_61,126574,149876,77027,73898,76104,47967,46885,52108,40226,,38057,39046,,74096,,29749,31984,31551,,25525,25621,,22122,23366,16518,15617,25057,14942,14478,14645,13749,12956,13257,,28179,12338,10483,,10401,9793,9549,9450,9287,9193,9204,9186,,9129,9119,9085,9424,9062,8962,9322,8939,8931,8898,8870,8709,8581,8491,8455,8753,8703,7940,8563,7525,7536,8187,5874,5423,5106,5060,5069,4980,4967,4942,4940,5074,4906,4866,4846,4839,4814,4777,4727,4695,4673,4668,4637,4632,4621,4614,4612,4598,4520,4431,4389,4440,4307,4271,3377,2339,1968,1857,1099,1059,988,2900,887,1670758,
REPEAT_62,126662,147329,77031,73929,76476,47967,46885,52113,40227,,38045,39045,,74096,,29913,31976,31575,,25681,25621,,22106,23366,16541,15617,25057,14942,14478,14993,13753,12956,13257,,28038,12338,10483,,10401,9793,9549,9450,9287,9193,9204,9186,,9129,9119,9085,9424,9062,8962,9322,8939,8931,8898,8870,8709,8581,8491,8459,8753,8703,7940,8563,7525,7536,8187,5874,5423,5106,5060,5069,4980,4967,4942,4940,5074,4906,4866,4846,4839,4814,4777,4727,4695,4673,4668,4637,4632,4621,4614,4612,4598,4520,4431,4389,4440,4307,4271,3377,2339,1968,1857,1099,1059,988,2914,887,1669271,
REPEAT_63,126476,146443,77031,73942,76820,47960,46885,52112,40226,,38037,39045,,74089,,29793,31945,31590,,24104,25620,,22134,23365,16546,15617,25057,14942,14478,15008,13741,12956,13257,,28071,12337,10483,,10401,9793,9549,9450,9287,9193,9204,9186,,9129,9119,9085,9424,9062,8962,9322,8939,8931,8898,8870,8709,8581,8491,8459,8753,8703,7939,8562,7525,7536,8187,5874,5416,5106,5060,5069,4980,4967,4942,4940,5074,4906,4866,4846,4839,4814,4777,4727,4695,4673,4668,4637,4632,4621,4614,4612,4598,4520,4431,4389,4440,4307,4271,3377,2358,1967,1857,1099,1059,988,2911,887,1666891,
REPEAT_64,128727,146988,77034,73965,77270,47948,46884,52112,40230,,37415,39056,,74077,,29899,32005,31610,,24268,25619,,22114,23363,16545,15617,25057,14942,14478,14780,13741,12956,13257,,28094,12400,10483,,10401,9793,9549,9450,9287,9197,9204,9186,,9129,9119,9085,9424,9062,8962,9322,8939,8931,8898,8870,8709,8581,8491,8459,8753,8703,7938,8562,7525,7536,8187,5874,5416,5106,5060,5069,4980,4967,4942,4940,5074,4906,4866,4846,4839,4814,4777,4727,4695,4673,4668,4637,4632,4621,4614,4612,4598,4520,4431,4389,4440,4307,4271,3377,2394,1967,1857,1099,1059,988,2909,887,1669752,
REPEAT_65,126251,146557,77026,73989,71970,47948,46884,52113,40231,,37867,39056,,74077,,28947,32229,31758,,24424,25619,,22142,23363,16549,15617,25057,14942,14478,14572,13745,12956,13257,,28114,12400,10483,,10401,9793,9549,9450,9287,9201,9204,9186,,9129,9119,9085,9424,9062,8962,9322,8939,8931,8898,8870,8709,8581,8491,8459,8753,8703,7938,8562,7525,7536,8187,5874,5416,5106,5060,5069,4980,4967,4942,4940,5074,4906,4866,4846,4839,4814,4777,4727,4695,4673,4668,4637,4632,4621,4614,4612,4598,4520,4431,4389,4440,4307,4271,3377,2394,1967,1857,1099,1059,988,2910,887,1661444,
REPEAT_66,128724,143620,77070,74022,72265,47846,46884,51889,40218,,37947,39057,,74077,,29911,33337,31770,,24576,25619,,22090,23363,16550,15617,25057,14942,14478,14560,13745,12956,13257,,28139,12400,10483,,10401,9793,9549,9450,9287,9201,9204,9186,,9129,9119,9085,9424,9062,8962,9322,8939,8931,8898,8870,8709,8581,8491,8459,8753,8703,7938,8562,7525,7536,8187,5874,5416,5106,5060,5069,4980,4967,4942,4940,5074,4906,4866,4846,4839,4814,4777,4727,4695,4673,4668,4637,4632,4621,4614,4612,4598,4520,4431,4389,4440,4307,4271,3377,2394,1967,1857,1099,1059,988,2909,887,1663291,
REPEAT_67,126331,145944,76998,74057,72670,47948,46908,52116,40226,,38015,39056,,74077,,30079,31973,31786,,24768,25619,,22086,23363,16569,15617,25057,14942,14478,14664,13745,12956,13257,,28158,12400,10483,,10401,9793,9549,9450,9287,9205,9204,9186,,9129,9119,9085,9424,9062,8962,9322,8939,8931,8898,8870,8709,8581,8491,8451,8753,8703,7938,8562,7525,7536,8187,5874,5416,5106,5060,5069,4980,4967,4942,4940,5074,4906,4866,4846,4839,4814,4777,4727,4695,4673,4668,4637,4632,4621,4614,4612,4598,4520,4431,4389,4440,4307,4271,3377,2394,1967,1857,1099,1059,988,4888,887,1665143,
REPEAT_68,126263,146830,77050,74082,73311,47846,46888,51737,40224,,38058,39057,,74077,,29783,33990,31834,,24948,25619,,22054,23363,16574,15617,25058,14942,14478,15051,13745,12956,13256,,28183,12400,10483,,10401,9793,9549,9450,9287,9205,9204,9186,,9129,9119,9085,9424,9062,8962,9322,8939,8931,8898,8870,8710,8582,8491,8459,8753,8703,7938,8562,7526,7536,8187,5874,5416,5106,5060,5069,4980,4967,4942,4940,5074,4906,4866,4846,4839,4814,4777,4727,4695,4673,4668,4637,4632,4621,4614,4612,4598,4520,4431,4389,4440,4307,4271,3377,2394,1967,1857,1099,1059,988,4889,887,1668566,
REPEAT_69,122087,128006,74226,71096,64264,,39419,49603,36822,54837,37490,38548,,85295,,26861,30637,31767,24359,23604,27343,,22110,26044,16433,15645,24293,14895,14290,14246,13733,12925,12324,23403,,9857,10442,,10218,9569,9240,9398,9281,9205,9204,9182,9100,9078,9119,8903,9238,9061,8962,9135,8931,8928,8897,8829,8400,8579,8491,8365,8569,6401,7078,9972,7523,7414,7522,5194,4697,4766,5058,5068,4980,4967,4473,4856,5018,4785,4850,4846,4837,4813,4773,4725,4694,4671,4660,4637,4632,4641,4614,4612,4598,4519,4291,4389,4440,4307,4155,2871,2399,1981,1861,1102,1061,989,2901,891,1645028,
REPEAT_70,116914,130212,74422,71188,64793,,39438,50551,36920,54064,37532,38601,,,,27939,30961,31837,24428,23811,29389,,22106,31715,16538,15645,24364,14895,14296,14185,13697,12925,12361,23500,,9931,10442,,10223,9569,9240,9418,9281,9205,9204,9182,9156,9078,9119,8903,9242,9061,8962,9139,8931,8928,8897,8829,8400,8579,8491,8365,8572,6406,7499,11278,7523,7414,7582,5194,4893,4766,5058,5068,4980,4967,4473,4856,5018,4785,4850,4846,4837,4813,4789,4725,4694,4671,4660,4637,4632,4641,4614,4612,4598,4519,4291,4389,4440,4307,4155,2915,2452,2055,1862,1102,1062,994,2907,890,1570003,
REPEAT_71,117859,134901,74390,71202,64532,,39236,49686,36921,53915,37485,38583,,,,27743,33007,31852,24305,23963,29389,,22102,31714,16538,15645,24345,14895,14295,14138,13689,12925,12355,23348,,9912,10442,,10223,9569,9240,9418,9281,9205,9204,9182,9137,9078,9119,8903,9242,9061,8962,9139,8931,8928,8897,8829,8400,8579,8491,8365,8572,6406,7499,11278,7523,7414,7564,5194,4893,4766,5058,5068,4980,4967,4473,4856,5018,4785,4850,4846,4837,4813,4789,4725,4694,4671,4660,4637,4632,4641,4614,4612,4598,4519,4291,4389,4440,4307,4155,2915,2452,2055,1862,1102,1062,994,8936,890,1581707,
REPEAT_72,118332,147423,74047,70919,68592,,39183,50215,33934,53696,37496,38208,,,,26966,30552,31813,24129,22740,17604,,22102,27028,17070,15644,24191,14891,14311,14117,13681,12914,12305,23196,,9746,10485,,10217,9567,9171,9546,9281,9204,9204,9102,9157,9078,9119,8899,9238,9060,8962,9135,8931,8908,8897,8801,8400,8576,8491,8357,8568,6401,7080,9816,7523,7450,7438,5194,4682,4766,5534,5067,4980,4966,4361,4856,5017,4785,4848,4846,4837,4813,4789,4725,4693,4671,4660,4651,4632,4641,4614,4612,4598,4519,4291,4393,5180,4307,4155,2867,2387,1981,1857,1100,1059,989,,888,1563906,
REPEAT_73,119017,149598,74249,71088,64069,,38247,49150,34002,53412,37326,38339,,,,27128,30535,31816,24534,23128,27209,,22140,26922,17883,15644,,14890,14317,14086,13681,12914,12388,22306,,9842,10485,,10270,9560,9171,9546,9282,9205,9204,9102,9150,9079,9119,8899,9293,9062,8962,9191,8932,8909,8898,8844,8401,8576,8491,8357,8624,6476,7080,9839,7524,7451,7953,6082,4682,4766,5536,5069,4980,4967,4363,4856,5017,4786,4848,4846,4838,4814,4789,4725,4694,4672,4660,4651,4632,4641,4614,4612,4598,4519,4291,4393,5180,4299,4155,2871,2387,1981,1857,1100,1059,989,8931,888,1587442,30018
REPEAT_74,118802,151886,74254,71120,63633,,38227,49102,34002,53392,37305,38351,,,,26840,30529,31832,24534,23284,27209,,22168,26922,17882,15644,,14890,14317,14086,13677,12914,12388,22306,,9842,10485,,10270,9560,9171,9546,9282,9205,9204,9102,9150,9079,9119,8899,9293,9062,8962,9191,8932,8909,8898,8844,8401,8576,8491,8357,8624,6476,7080,9839,7524,7451,7953,6082,4682,4766,5536,5069,4980,4967,4363,4856,5017,4786,4848,4846,4838,4814,4789,4725,4694,4672,4660,4651,4632,4641,4614,4612,4598,4519,4291,4393,5180,4299,4155,2871,2387,1981,1857,1100,1059,989,8941,888,1588930,30018
REPEAT_75,119037,145091,74120,70999,62364,,37227,46578,33909,53188,36568,38221,,,,25491,30309,31725,22738,23357,27205,,22154,26903,17724,15644,,14887,14266,13933,13677,12914,12235,22126,,9650,10485,11421,10218,9560,9171,9546,9281,9205,9204,9102,8967,9078,9119,8899,9237,9061,8962,9138,8931,8908,8897,8844,8400,8576,8491,8357,8568,6403,7080,9836,7523,7451,7766,6082,4682,4766,5534,5068,4980,4967,4361,4856,5017,4785,4847,4846,4837,4813,4789,4725,4694,4671,4660,4651,4632,4641,4614,4612,4598,4519,4291,4393,5180,4299,4155,2871,2387,1981,1857,1100,1059,989,6907,888,1580458,29941
REPEAT_76,121041,146390,74080,71024,62833,,37341,46594,33910,53197,36509,38222,,,,25119,29909,31737,22737,23541,27205,,22178,26903,17729,15644,,14887,14266,13957,13685,12914,12235,22126,,9650,10485,11260,10218,9560,9171,9546,9281,9205,9204,9102,8967,9078,9119,8899,9237,9061,8962,9138,8931,8908,8897,8844,8400,8576,8491,8357,8568,6403,7080,9836,7523,7451,7766,6082,4682,4766,5534,5068,4980,4967,4361,4856,5017,4785,4847,4846,4837,4813,4789,4725,4694,4671,4660,4651,4632,4641,4614,4612,4598,4519,4291,4393,5180,4299,4155,2871,2387,1981,1857,1100,1059,989,6900,888,1583613,29941
REPEAT_77,119549,146651,74124,71060,63284,,37321,46593,33933,53201,37145,38222,,,,25355,30740,31749,22736,23721,27205,,22178,26903,17773,15644,,14888,14266,14016,13673,12914,12235,22126,,9832,10485,11246,10218,9560,9171,9546,9281,9205,9204,9102,8967,9078,9119,8899,9237,9061,8962,9138,8932,8908,8897,8844,8400,8576,8491,8341,8568,6403,7080,9836,7523,7451,7766,6082,4682,4766,5534,5068,4980,4967,4361,4856,5017,4785,4847,4846,4838,4814,4789,4725,4694,4671,4660,4651,4632,4641,4614,4612,4598,4519,4291,4393,5180,4299,4155,2871,2387,1981,1857,1100,1059,989,6902,888,1585060,29939
REPEAT_78,119144,146646,74124,71091,66144,,37321,45786,33949,53204,37197,38221,,,,26302,32588,31761,22620,24120,27205,,22122,26903,17847,15644,,14888,14265,14128,13673,12914,12235,22126,,9832,10485,11239,10218,9596,9171,9546,9281,9205,9204,9102,8967,9078,9119,8899,9237,9061,8962,9138,8932,8908,8897,8844,8400,8576,8491,8353,8568,6403,7080,9836,7523,7451,7766,6078,4682,4766,5534,5068,4980,4967,4361,4856,5017,4785,4847,4846,4838,4814,4789,4725,4694,4671,4660,4651,4632,4641,4614,4612,4598,4519,4291,4393,5180,4299,4155,2871,2387,1981,1857,1100,1059,989,6905,888,1590060,29936
REPEAT_79,118996,146366,74052,71115,66616,,37321,46550,33951,53204,37179,38222,,,,25818,30192,31786,22703,24305,27205,,22114,26903,17847,15644,,14887,14265,14008,13677,12914,12235,22134,,9832,10485,11239,10218,9596,9171,9546,9281,9205,9204,9102,8968,9078,9119,8899,9237,9061,8962,9138,8931,8908,8897,8844,8400,8576,8491,8353,8568,6403,7080,9836,7523,7451,7767,6078,4682,4766,5534,5068,4980,4967,4361,4856,5017,4785,4847,4846,4837,4813,4789,4725,4694,4671,4660,4651,4632,4641,4614,4612,4598,4519,4291,4393,5180,4299,4155,2871,2387,1981,1857,1100,1059,989,6908,888,1588103,29936
REPEAT_80,118744,147565,74028,71140,67240,,37321,46549,33951,53209,37423,38211,,,,25908,30232,31802,22702,23049,27205,,22094,26903,17846,15644,,14887,14265,14136,13677,12914,12235,22133,,9830,10485,11239,10218,9596,9171,9546,9281,9205,9204,9102,8968,9078,9119,8899,9237,9061,8962,9138,8931,8908,8897,8844,8400,8576,8491,8353,8568,6403,7080,9836,7523,7451,7767,6078,4682,4766,5534,5068,4980,4967,4361,4856,5017,4785,4847,4846,4837,4813,4789,4725,4694,4671,4660,4651,4632,4641,4614,4612,4598,4519,4291,4393,5180,4299,4155,2871,2387,1981,1857,1100,1059,989,6897,888,1588894,29936
REPEAT_81,118742,145652,74061,71163,67748,,37321,46552,33950,53212,37273,38210,,,,25468,30350,31878,22702,23205,27205,,22102,26903,17849,15644,,14888,14265,14044,13681,12914,12235,22133,,9830,10485,11239,10218,9596,9171,9546,9281,9205,9204,9102,8968,9078,9119,8899,9237,9061,8962,9138,8932,8908,8897,8844,8400,8576,8491,8357,8568,6403,7080,9836,7523,7451,7767,6078,4682,4766,5534,5068,4980,4967,4361,4856,5017,4785,4847,4846,4838,4814,4789,4725,4694,4671,4660,4651,4632,4641,4614,4612,4598,4519,4291,4393,5180,4299,4155,2871,2387,1981,1857,1100,1059,989,6908,888,1587249,29936
REPEAT_82,118973,146559,74123,71183,68136,,37321,46551,33949,53216,37229,38210,,,,25669,30235,31894,22709,23393,27205,,22098,26903,17897,15644,,14887,14265,14212,13681,12914,12235,22133,,9830,10485,11239,10219,9596,9171,9546,9281,9205,9204,9102,8968,9078,9119,8899,9238,9061,8962,9138,8931,8908,8897,8844,8400,8576,8491,8357,8569,6403,7080,9836,7523,7451,7767,6078,4682,4766,5534,5068,4980,4967,4361,4856,5017,4785,4847,4846,4837,4813,4789,4725,4694,4671,4660,4651,4632,4641,4614,4612,4598,4519,4291,4393,5180,4299,4155,2871,2387,1981,1857,1100,1059,989,6907,888,1589322,29936
REPEAT_83,119041,147951,74146,71207,68529,,37322,46548,33953,53216,36665,38210,,,,26637,30083,31910,22706,23545,27205,,22122,26903,17941,15644,,14887,14265,14176,13685,12914,12235,22132,,9830,10485,11239,10219,9596,9171,9546,9281,9205,9204,9102,8967,9078,9119,8899,9238,9061,8962,9138,8931,8908,8897,8844,8400,8576,8491,8357,8569,6403,7080,9836,7523,7451,7767,6078,4682,4766,5534,5068,4980,4967,4361,4856,5017,4785,4847,4846,4837,4813,4789,4725,4694,4671,4660,4651,4632,4641,4614,4612,4598,4519,4291,4393,5180,4299,4155,2871,2387,1981,1857,1100,1059,989,6907,888,1591675,29936
REPEAT_84,119269,148901,74158,71232,64673,,37322,46550,33959,53225,37033,38223,,,,25909,30227,31926,22707,23701,27205,,22146,26903,17946,15644,,14888,14265,14380,13681,12914,12235,22132,,9830,10485,11239,10219,9596,9171,9546,9281,9205,9204,9102,8967,9078,9119,8899,9238,9061,8962,9138,8932,8908,8897,8844,8400,8576,8491,8357,8569,6403,7080,9836,7523,7451,7767,6078,4682,4766,5534,5068,4980,4967,4361,4856,5017,4785,4847,4846,4838,4814,4789,4725,4694,4671,4660,4651,4632,4641,4614,4612,4598,4519,4291,4393,5180,4299,4155,2871,2387,1981,1857,1100,1059,989,6899,888,1589246,29936
REPEAT_85,119294,149417,74186,71255,65073,,37350,46554,33959,53228,37186,38222,,,,25609,30351,32158,22708,23897,27205,,22102,26903,17946,15644,,14887,14265,14292,13681,12914,12236,22132,,9830,10485,11239,10219,9596,9171,9546,9281,9205,9204,9102,8967,9078,9119,8899,9238,9061,8962,9138,8931,8908,8897,8844,8400,8576,8491,8357,8570,6403,7080,9836,7523,7451,7767,6078,4682,4766,5534,5068,4980,4967,4361,4856,5017,4785,4847,4846,4837,4813,4789,4725,4694,4671,4660,4651,4632,4641,4614,4612,4598,4519,4291,4389,5180,4299,4155,2871,2387,1981,1857,1100,1059,989,6900,888,1590541,29936
REPEAT_86,119650,150474,74312,71300,65457,,37330,46555,33961,53233,37362,38223,,,,26353,30219,32178,22708,24077,27205,,22098,26903,17951,15644,,14887,14265,14024,13681,12914,12236,22132,,9830,10485,11238,10219,9596,9171,9546,9281,9205,9204,9102,8967,9078,9119,8899,9238,9061,8962,9138,8931,8908,8897,8844,8400,8576,8491,8329,8570,6403,7080,9836,7523,7451,7767,6078,4682,4766,5534,5068,4980,4967,4361,4856,5017,4785,4847,4846,4837,4813,4789,4725,4694,4671,4660,4651,4632,4641,4614,4612,4598,4519,4291,4389,5180,4287,4155,2871,2387,1981,1857,1100,1059,989,6898,888,1593176,29936
REPEAT_87,119493,146221,74107,71324,65861,,37330,46553,33962,53241,37138,38223,,,,25837,30129,32194,22718,24229,27205,,22098,26902,17975,15644,,14887,14265,13888,13681,12914,12236,22132,,9830,10485,11235,10219,9596,9171,9546,9281,9204,9204,9102,8967,9078,9119,8899,9238,9060,8962,9138,8931,8908,8897,8844,8400,8576,8491,8341,8570,6403,7080,9836,7523,7451,7767,6078,4682,4766,5534,5067,4980,4966,4361,4856,5017,4785,4847,4846,4837,4813,4789,4725,4693,4671,4660,4651,4632,4641,4614,4612,4598,4519,4291,4389,5180,4287,4155,2871,2387,1981,1857,1100,1059,989,6904,888,1588240,29935
REPEAT_88,120053,146984,74147,71348,68126,,37330,46545,33962,53260,37305,38223,,,,25913,30297,32206,22715,24385,27205,,22138,26902,17975,15644,,14884,14265,13915,13673,12914,12236,22139,,9831,10485,11236,10219,9596,9171,9546,9281,9205,9204,9102,8967,9078,9119,8899,9238,9061,8962,9139,8932,8908,8897,8844,8400,8576,8491,8341,8570,6404,7080,9836,7523,7451,7767,6078,4682,4766,5534,5068,4980,4967,4361,4856,5017,4785,4847,4846,4838,4814,4789,4725,4694,4671,4660,4651,4632,4641,4614,4612,4598,4519,4291,4389,5180,4287,4155,2871,2387,1981,1857,1100,1059,989,6897,888,1592547,29935
REPEAT_89,120142,148036,74130,71371,67216,,37330,49322,33971,53264,37322,38211,,,,25486,30363,32221,25248,23221,27205,,22106,26902,18038,15644,,14883,14285,13967,13673,12914,12236,22141,,9827,10485,11215,10219,9596,9171,9546,9281,9205,9204,9102,8967,9078,9119,8899,9238,9061,8962,9140,8931,8908,8897,8844,8400,8576,8491,8341,8570,6404,7080,9836,7523,7451,7768,6078,4682,4766,5534,5068,4980,4967,4361,4856,5017,4785,4847,4846,4837,4813,4789,4725,4694,4671,4660,4651,4632,4641,4614,4612,4598,4519,4291,4389,5180,4287,4155,2871,2387,1981,1857,1100,1059,989,4882,888,1594659,29929
REPEAT_90,119930,148897,74157,71402,67060,,37330,49335,33968,53267,37290,38210,,,,25670,30351,32237,25006,23381,27205,,22154,26902,18041,15644,,14883,14285,14015,13673,12914,12236,22141,,9827,10485,11215,10219,9596,9171,9546,9281,9205,9204,9102,8967,9078,9119,8899,9238,9061,8962,9140,8931,8908,8897,8844,8400,8576,8491,8341,8570,6404,7080,9836,7523,7451,7768,6078,4682,4766,5534,5068,4980,4967,4361,4856,5017,4785,4847,4846,4837,4813,4789,4725,4694,4671,4660,4651,4632,4641,4614,4612,4598,4519,4291,4389,5180,4287,4155,2871,2387,1981,1857,1100,1059,989,6906,888,1597419,29929
REPEAT_91,119626,149881,74151,71413,67642,,37330,49336,33968,53273,36668,38210,,,,26646,30294,32253,25033,23534,27205,,22138,27011,18065,15644,,14884,14285,14005,13673,12914,12236,22140,,9924,10485,11211,10220,9596,9171,9546,9281,9205,9204,9102,8967,9078,9119,8899,9239,9061,8962,9140,8932,8908,8897,8844,8400,8576,8491,8353,8571,6404,7080,9836,7523,7451,7768,6078,4682,4766,5534,5068,4980,4967,4361,4856,5017,4785,4847,4846,4838,4814,4789,4725,4694,4671,4660,4651,4632,4641,4614,4612,4598,4519,4291,4389,5180,4287,4155,2871,2387,1981,1857,1100,1059,989,6900,888,1599396,29927
REPEAT_92,120045,151096,74166,71432,67898,,37330,49335,33967,53277,37308,38210,,,,25973,30310,32272,25032,23722,27205,,22142,27011,18064,15644,,14883,14285,14313,13677,12914,12236,22140,,9924,10485,11192,10220,9596,9171,9546,9281,9205,9204,9102,8968,9078,9119,8899,9239,9061,8962,9140,8931,8908,8897,8844,8400,8576,8491,8353,8571,6405,7080,9836,7523,7451,7768,6078,4682,4766,5534,5068,4980,4967,4361,4856,5017,4785,4847,4846,4837,4813,4789,4725,4694,4671,4660,4651,4632,4641,4614,4612,4598,4519,4291,4389,5180,4287,4155,2871,2387,1981,1857,1100,1059,989,6905,888,1601810,29927
REPEAT_93,119977,146656,74176,71475,68297,,37330,49335,33971,53279,37516,38220,,,,25940,30126,29536,25031,23878,27205,,22186,27011,16604,15644,,14883,14285,14620,13677,12914,12236,22139,,9922,10485,11192,10220,9596,9171,9546,9281,9205,9204,9102,8968,9078,9119,8899,9239,9061,8962,9140,8931,8908,8897,8844,8400,8576,8491,8353,8571,6405,7080,9836,7523,7451,7768,6078,4682,4766,5534,5068,4980,4967,4361,4856,5017,4785,4847,4846,4837,4813,4789,4725,4694,4671,4660,4651,4632,4641,4614,4612,4598,4519,4291,4389,5180,4287,4155,2871,2387,1981,1857,1100,1059,989,6902,888,1594064,29926
REPEAT_94,119821,148389,74247,71495,68681,,37354,49340,33972,53283,37291,38220,,,,25268,29648,29548,25032,24030,27205,,22202,27011,16604,15644,,14883,14285,14616,13673,12914,12236,22140,,9922,10485,11191,10220,9596,9171,9546,9281,9205,9204,9102,8968,9078,9119,8899,9239,9061,8962,9140,8931,8908,8897,8844,8400,8576,8491,8353,8571,6405,7080,9836,7523,7451,7768,6078,4682,4766,5534,5068,4980,4967,4361,4856,5017,4785,4847,4846,4837,4813,4789,4725,4694,4671,4660,4651,4632,4641,4614,4612,4598,4519,4291,4389,5180,4287,4155,2871,2387,1981,1857,1100,1059,989,6907,888,1594953,29926
REPEAT_95,120003,149286,74162,71519,69050,,37334,49336,33970,53287,37077,38220,,,,25441,30372,29701,25031,24241,27205,,22182,27011,16601,15644,,14883,14285,14244,13673,12914,12236,22140,,9906,10485,11186,10220,9596,9171,9546,9281,9205,9204,9102,8968,9078,9119,8899,9239,9061,8962,9140,8931,8908,8897,8840,8400,8576,8491,8353,8571,6405,7080,9836,7523,7451,7768,6078,4682,4766,5534,5068,4980,4967,4361,4856,5017,4785,4847,4846,4837,4813,4789,4725,4694,4671,4660,4651,4632,4641,4614,4612,4598,4519,4291,4389,5180,4287,4155,2871,2387,1981,1857,1100,1059,989,6905,888,1596941,29925
REPEAT_96,120037,150986,74498,71956,65700,,37504,50128,34297,,37477,38586,,,,25756,30474,30035,25694,24658,27215,,22158,27071,16843,15644,,14886,14405,14445,13677,12916,12418,,,10425,10485,11586,10330,9596,9173,9547,9282,9205,9204,9102,9570,9079,9119,8899,9355,9062,8962,9257,8943,8909,8898,8840,8401,8577,8491,8342,8683,6574,7080,9843,7525,7452,8156,6078,4682,4766,5536,5069,4980,4967,4364,4856,5017,4786,4848,4846,4838,4814,4789,4727,4695,4673,4660,4651,4632,4641,4614,4612,4598,4520,4291,4389,5180,4287,4155,2871,2387,1981,1857,1100,1059,989,8937,888,1530069,30032
REPEAT_97,119816,151525,74323,71916,72527,,37483,51078,34206,,37610,38515,,73949,,25883,30662,29996,25508,23732,25576,,22202,23596,16831,15644,,14886,14517,14540,13693,12916,12379,,,10327,10485,11381,10324,9596,9173,9547,9282,9205,9204,9102,9507,9079,9119,8899,9349,9062,8962,9252,8943,8909,8898,8840,8401,8577,8491,8354,8679,6569,6906,8489,7525,7452,8080,6078,4613,4766,5536,5069,4980,4967,4364,4856,5017,4786,4848,4846,4838,4814,4789,4727,4695,4673,4660,4651,4632,4641,4614,4612,4598,4520,4291,4389,5180,4287,4155,2847,2360,1951,1857,1099,1059,988,8944,887,1593845,19893
REPEAT_98,120132,147322,74331,71948,72951,,37483,51079,34211,,37518,38515,,73877,,25647,30778,30012,25509,23920,25576,,22122,23596,16839,15644,,14886,14521,14684,13697,12916,12379,,,10327,10485,11381,10324,9596,9173,9547,9282,9205,9204,9102,9507,9079,9119,8899,9349,9062,8962,9252,8943,8909,8898,8840,8401,8577,8491,8354,8679,6569,6906,8489,7525,7452,8080,6078,4613,4766,5536,5069,4980,4967,4364,4856,5017,4786,4848,4846,4838,4814,4789,4727,4695,4673,4660,4651,4632,4641,4614,4612,4598,4520,4291,4389,5180,4287,4155,2847,2360,1951,1857,1099,1059,988,8939,887,1590424,19893
REPEAT_99,120016,148165,74290,71972,67034,,37472,51095,34215,,37554,38516,,77064,,26634,30602,30040,25507,24411,25577,,22170,23628,16839,15644,,14886,14521,14987,13685,12916,12379,,,10325,10485,11378,10324,9596,9173,9547,9282,9205,9204,9102,9507,9079,9119,8899,9349,9062,8962,9252,8943,8909,8898,8840,8401,8577,8491,8354,8679,6569,6906,8490,7525,7452,8073,6078,4613,4766,5536,5069,4980,4967,4364,4856,5017,4786,4848,4846,4838,4814,4789,4727,4695,4673,4660,4651,4632,4641,4614,4612,4598,4520,4291,4389,5180,4287,4155,2847,2360,1951,1857,1099,1059,988,,887,1581200,19893
REPEAT_100,120844,149474,74440,70554,73832,,37545,51250,34369,,37699,38659,,77125,,26940,30993,30209,25762,24685,25582,,22190,23642,17036,15644,,14886,14602,15121,13693,12920,12470,,,10576,10486,11599,10393,9596,9175,9546,9283,9205,9204,9102,,9080,9119,8901,9415,9062,8962,9319,8944,8911,8898,8840,8401,8578,8491,8354,8746,6670,6906,8493,7525,7452,8305,6078,4613,4766,5536,5069,4980,4967,4364,4856,5017,4786,4848,4846,4839,4814,4789,4727,4695,4673,4660,4651,4632,4641,4614,4612,4598,4520,4291,4389,5180,4287,4143,2847,2360,1951,1857,1099,1059,988,8940,887,1592109,19946
